598862691202179072,Thu May 14 14:49:26 +0000 2015,MISRA incrementation in C http://t.co/bxNN2IZJeo #java
598862636114141184,Thu May 14 14:49:13 +0000 2015,MISRA incrementation in C http://t.co/D3S9kNnxYQ #java
598858501339885569,Thu May 14 14:32:47 +0000 2015,Presenti alla riunione di redazione del @fattoquotidiano #CPP #CPPiace  #milano #Unito
598854637660299265,Thu May 14 14:17:26 +0000 2015,Al @fattoquotidiano durante la riunione di redazione #cpp #CPPiace @unito
598871030329954304,Thu May 14 15:22:34 +0000 2015,#CSharp - #ASPNET - Modelo (Model) - #MVC - #Models C# http://t.co/lfqpH8URo4 via @wordpressdotcom
598086364559581184,Tue May 12 11:24:35 +0000 2015,#jobs #csharp Data Scientist -Statistics: Salary/Rate: £25,000 - £35,000Location: CambridgeData Scientist (Sta... http://t.co/v1wGtQMZPB
597699431660711936,Mon May 11 09:47:03 +0000 2015,C# - Random Javascript Color http://t.co/hQ1dFgP4YT #csharp #snippet
596249518699520000,Thu May 07 09:45:37 +0000 2015,Ricerchiamo sviluppatore #.NET da inserire nel nostro team con 3/4 anni di esperienza e buona conoscenza in #Csharp  https://t.co/Ci00OhtbS8
598902230540951552,Thu May 14 17:26:33 +0000 2015,Ceste, il marito a giudizio immediato. 'Omicidio e  occultamento di cadavere' http://t.co/CJDua8bJKy via @qn_giorno. Finalmente giustizia!:)
598902137951772672,Thu May 14 17:26:11 +0000 2015,Save the date: 18.05.2015, su http://t.co/tt4XPp572d https://t.co/xQn8776wnl via @YouTube chi ha detto material? @TuttoAndroid
598902694867251200,Thu May 14 17:28:24 +0000 2015,Plague Inc. arriva su Windows Phone 8.1 [AGGIORNAMENTO x1] http://t.co/34lXrPkC8K http://t.co/OrsRmGfC7B
598891595803533312,Thu May 14 16:44:17 +0000 2015,Plague Inc.: l'originale strategico disponibile per Windows Phone | Agg. Aggiornamento 14/05: Gli sviluppatori... http://t.co/JyNKNBeh5M
598884116608737280,Thu May 14 16:14:34 +0000 2015,Plague Inc. arriva su Windows Phone 8.1 [AGGIORNAMENTO x1] http://t.co/uneHrcrz2q
598850359373729792,Thu May 14 14:00:26 +0000 2015,RT @theirfight: dioporco non sapete quanta paura mi faccia la musichetta di plague, non capiteee
598843756763164672,Thu May 14 13:34:12 +0000 2015,Il famoso gioco Plague Inc. arriva su Windows Phone http://t.co/BDAPfeHCLT #WindowsPhone
598843168482701313,Thu May 14 13:31:51 +0000 2015,.@WindowsFlurry: Pronto a contaminare il mondo con Plague Inc. per Windows Phone? http://t.co/J5XdEAAlQ3 #Windows #Microsoft
598841921793073152,Thu May 14 13:26:54 +0000 2015,Il game Plague Inc si aggiorna alla versione 2015.513.2317.1549 https://t.co/VySldz4B5v http://t.co/e657OWVmj5
598840200517787650,Thu May 14 13:20:04 +0000 2015,dioporco non sapete quanta paura mi faccia la musichetta di plague, non capiteee
598838281489481728,Thu May 14 13:12:26 +0000 2015,plague, sono sicura che possiamo scendere a patti
598758473917009920,Thu May 14 07:55:19 +0000 2015,Ho aggiunto "OOK_TITLE$s" alla mia libreria aNobiiThe Eleventh Plague http://t.co/6qPhEQ0w7l
598739839748419584,Thu May 14 06:41:16 +0000 2015,Ho aggiunto "OOK_TITLE$s" alla mia lista desideriThe Eleventh Plague http://t.co/78E2W93XJ6
598562980205211648,Wed May 13 18:58:29 +0000 2015,Plague Inc. arriva su Windows Phone 8.1: Plague Inc è un popolare gioco mobile realizzato ... http://t.co/eHvDKxsSqX #SpeedyBrus' Italia
598909045672665088,Thu May 14 17:53:38 +0000 2015,RT @chedisagio: Una foto @Reuters del terremoto in Nepal.Drammaticamente bella.   http://t.co/4AHGv4Yipc
598909044494073856,Thu May 14 17:53:38 +0000 2015,RT @tumblritaly_: "Pensala come una legge psicologica della fisica. Piu’ hai paura di una cosa, piu’ potere le dai."-American Horror Stor…
598909044238249984,Thu May 14 17:53:37 +0000 2015,RT @Lantidiplomatic: Il senatore Usa McCain farà parte della Commissione per le riforme in Ucraina http://t.co/DLsXNXehqm
598909044158509056,Thu May 14 17:53:37 +0000 2015,docentior: docentior: docentior: docentior: ChiosiLaura: RT rcparallelo38: Lo sentite l'odore della paura, vero?! #waterlooscuola espect us…
598909043617439744,Thu May 14 17:53:37 +0000 2015,RT @blankaut: Ma dopo qualche settimana e tutta la pubblicità, avete capito che cosa c'è ad expo2015?
598909043349004288,Thu May 14 17:53:37 +0000 2015,RT @MedeaAsociale: Ciò che ferisce non è la delusione in se stessa...è il fatto di rimproverare a noi stessi di aver dato credito a gente d…
598909043328077824,Thu May 14 17:53:37 +0000 2015,docentior: docentior: docentior: docentior: sandrazing71: RT rcparallelo38: Lo sentite l'odore della paura, vero?! #waterlooscuola espect u…
598909043185451008,Thu May 14 17:53:37 +0000 2015,RT @1NiallOfficial3: 'Sputtaniamo facebook''Se non condividi questa foto morirai dopo tre giorni'*passano tre giorni*IO SONO ANCORA QUA…
